Previous Label,0,1
0.0,0.3035731719222884,0.6964268280777116
1.0,0.28945348790241143,0.7105465120975886
